{
  "interactions": [],
  "patterns": {
    "xin chào": [
      "Xin chào! Tôi có thể giúp gì cho bạn? 😊",
      "Chào bạn! Rất vui được gặp bạn 👋",
      "Xin chào! Chúc bạn một ngày tốt lành! ✨"
    ],
    "chào": [
      "Chào bạn! 👋",
      "Hey! Bạn khỏe không? 😊",
      "Chào! Mình có thể giúp gì cho bạn? 🌟"
    ],
    "hi|hello|hey": [
      "Hi there! 👋",
      "Hello! How are you? 😊",
      "Hey! Mình có thể giúp gì không? ✨"
    ],
    "cảm ơn|thank": [
      "Không có gì! Rất vui được giúp bạn 😊",
      "Không có chi! Bạn cần gì cứ nói nhé 👋",
      "Rất vui khi có thể giúp được bạn! ❤️"
    ],
    "tạm biệt|bye|bai": [
      "Tạm biệt bạn! Hẹn gặp lại 👋",
      "Bye bye! Chúc bạn một ngày tốt lành 😊",
      "Hẹn gặp lại bạn sau nhé! 👋"
    ],
    "giá|báo giá|bao nhiêu": [
      "Để xem giá, bạn có thể dùng lệnh `/tinhgia` với các thông số sau:\n• Hình thức: SL/RP/Event/Modul\n• Loại (nếu có)\n• Số lượng\n\nVí dụ: `/tinhgia SL 1000000` 💰",
      "Bạn có thể kiểm tra giá bằng lệnh `/tinhgia`.\nGiá sẽ phụ thuộc vào hình thức và số lượng bạn cần 📊",
      "Mình có thể giúp bạn tính giá. Hãy cho mình biết:\n1. Hình thức (SL/RP/Event/Modul)\n2. Số lượng\nHoặc dùng lệnh `/tinhgia` nhé! 💫"
    ],
    "đặt đơn|order|mua": [
      "Để đặt đơn, bạn dùng lệnh `/donhang` nhé! Mình sẽ mở form để bạn điền thông tin chi tiết 📝",
      "Bạn có thể đặt đơn bằng cách sử dụng lệnh `/donhang`. Sau đó điền các thông tin cần thiết vào form nhé! ✍️",
      "Dùng `/donhang` để bắt đầu đặt đơn. Mình sẽ hướng dẫn bạn các bước tiếp theo 🌟"
    ],
    "trạng thái|tình trạng|kiểm tra": [
      "Để xem trạng thái đơn, bạn dùng lệnh `/trangthai` kèm mã đơn nhé! 🔍",
      "Bạn có thể kiểm tra trạng thái đơn bằng lệnh `/trangthai` và mã đơn của bạn 📋",
      "Dùng `/trangthai` + mã đơn để xem tình trạng đơn hàng hiện tại nhé! 🔎"
    ],
    "bạn là ai|là gì|giới thiệu": [
      "Mình là Cave Store Bot, một trợ lý ảo giúp quản lý đơn hàng và hỗ trợ khách hàng. Rất vui được phục vụ bạn! 🤖",
      "Xin chào! Mình là bot hỗ trợ của Cave Store. Mình có thể giúp bạn đặt đơn, kiểm tra giá và nhiều thứ khác nữa! ✨",
      "Mình là AI assistant của Cave Store, được tạo ra để hỗ trợ bạn 24/7. Bạn cần giúp đỡ gì nào? 🌟"
    ],
    "help|giúp|hướng dẫn": [
      "Mình có thể giúp bạn với các việc sau:\n• `/donhang` - Đặt đơn mới\n• `/trangthai` - Kiểm tra đơn\n• `/tinhgia` - Xem báo giá\n• `/help` - Xem hướng dẫn đầy đủ\nBạn cần mình giúp gì nào? 📚",
      "Để xem hướng dẫn đầy đủ, bạn dùng lệnh `/help` nhé! Mình sẽ hiển thị danh sách các lệnh và cách sử dụng 📖",
      "Bạn có thể xem danh sách lệnh và hướng dẫn bằng `/help`. Hoặc cứ chat với mình, mình sẽ cố gắng giúp bạn! 💫"
    ],
    "lỗi|sai|vấn đề|khiếu nại": [
      "Rất tiếc về vấn đề bạn gặp phải 😔 Bạn có thể liên hệ admin để được hỗ trợ trực tiếp nhé!",
      "Mình xin lỗi vì sự bất tiện này 😥 Để được hỗ trợ tốt nhất, bạn hãy liên hệ admin hoặc mod nhé!",
      "Cảm ơn bạn đã phản hồi! Mình sẽ chuyển thông tin này đến admin để được hỗ trợ sớm nhất 🔔"
    ],
    "thời hạn|bao lâu|khi nào": [
      "Thời gian xử lý sẽ phụ thuộc vào loại đơn và số lượng. Bạn có thể xem deadline cụ thể trong `/trangthai` của đơn hàng ⏰",
      "Mỗi đơn sẽ có thời hạn riêng, được thông báo sau khi đơn được duyệt. Bạn có thể theo dõi qua lệnh `/trangthai` 📅",
      "Thời gian hoàn thành sẽ được cập nhật khi đơn được xác nhận. Bạn sẽ nhận được thông báo về deadline cụ thể 🕒"
    ],
    "haha|hihi|=))|😄|😂|🤣": [
      "Vui quá ha! 😄",
      "Hehe, vui thật! 😊",
      "Cười lây với bạn nè 😆"
    ],
    "buồn|huhu|sad|:(": [
      "Đừng buồn nha bạn ơi! Mọi chuyện rồi sẽ ổn thôi 🌟",
      "Buồn gì vậy bạn? Kể mình nghe được không? 🤗",
      "Mình ở đây lắng nghe bạn nè! Cần người tâm sự không? 💕"
    ],
    "thanh toán|payment|chuyển khoản": [
      "Để thanh toán, bạn có thể chuyển khoản vào tài khoản sau khi đơn được duyệt. Admin sẽ gửi thông tin chi tiết cho bạn 💳",
      "Thông tin thanh toán sẽ được gửi sau khi đơn được xác nhận. Bạn sẽ nhận được hướng dẫn cụ thể qua DM 🏦",
      "Vui lòng chờ admin duyệt đơn và gửi thông tin thanh toán nhé! Mọi giao dịch đều được bảo đảm an toàn 🔒"
    ],
    "sl là gì|silver lions": [
      "SL (Silver Lions) là đơn vị tiền tệ trong game. Tỷ lệ quy đổi là 1 triệu SL = 100.000 VNĐ 💰",
      "Silver Lions (SL) dùng để mua xe, nâng cấp trong game. Giá: 1M SL = 100k VNĐ 🦁",
      "SL là Silver Lions - tiền trong game. Bạn có thể dùng /tinhgia SL [số lượng] để xem giá cụ thể 📊"
    ],
    "rp là gì|research points": [
      "RP (Research Points) dùng để nghiên cứu xe mới. Giá premium: 100k RP = 120k VNĐ, thường: 100k RP = 140k VNĐ 🔬",
      "Research Points (RP) là điểm nghiên cứu, dùng để mở khóa xe mới. Dùng /tinhgia RP [số lượng] để xem giá 📈",
      "RP dùng để nghiên cứu. Có 2 loại:\n• Premium: 120k VNĐ/100k RP\n• Thường: 140k VNĐ/100k RP\nDùng /tinhgia để xem chi tiết 🎯"
    ],
    "premium|ưu đãi": [
      "Premium RP sẽ có giá tốt hơn (120k/100k RP) so với thường (140k/100k RP). Bạn có thể dùng /tinhgia để so sánh 💎",
      "Khi đặt đơn RP, bạn có thể chọn Premium để được giá ưu đãi hơn. Dùng /tinhgia RP [số lượng] premium yes để xem chi tiết ⭐",
      "Premium là gói ưu đãi cho RP với giá tốt hơn 20k/100k RP. Liên hệ admin để biết thêm chi tiết về các ưu đãi khác 🌟"
    ],
    "nhanh|gấp|urgent": [
      "Đơn hàng sẽ được xử lý theo thứ tự. Nếu gấp, hãy ghi chú trong đơn để được ưu tiên xử lý sớm ⚡",
      "Thông thường đơn được xử lý trong 24h. Nếu cần gấp, vui lòng thêm ghi chú khi đặt đơn nhé! 🏃",
      "Để được xử lý nhanh hơn, bạn có thể:\n1. Thêm ghi chú 'urgent' trong đơn\n2. Liên hệ admin trực tiếp\n3. Đảm bảo thanh toán nhanh chóng ⚡"
    ],
    "bảo hành|đảm bảo|an toàn": [
      "Mọi đơn hàng đều được bảo đảm hoàn thành đúng yêu cầu. Nếu có vấn đề, bạn sẽ được hỗ trợ ngay lập tức 🛡️",
      "Chúng mình cam kết:\n• Hoàn thành đúng yêu cầu\n• Bảo mật thông tin\n• Hỗ trợ 24/7\n• Hoàn tiền nếu không hài lòng ✅",
      "An toàn là ưu tiên hàng đầu. Mọi giao dịch đều được bảo đảm và có admin hỗ trợ trực tiếp 🔒"
    ],
    "hủy đơn|cancel|hoàn tiền": [
      "Để hủy đơn, bạn có thể:\n1. Dùng lệnh /huydon + mã đơn (nếu chưa duyệt)\n2. Liên hệ admin (nếu đã duyệt)\nHoàn tiền trong vòng 24h 💯",
      "Bạn có thể hủy đơn chưa duyệt bằng /huydon. Nếu đã duyệt, hãy liên hệ admin để được hỗ trợ ↩️",
      "Quy trình hủy đơn và hoàn tiền:\n1. Gửi yêu cầu hủy\n2. Xác nhận với admin\n3. Nhận lại tiền trong 24h\nDùng /huydon hoặc liên hệ admin nhé! 🔄"
    ],
    "server|discord|invite": [
      "Bạn có thể tham gia server chính của Cave Store để được hỗ trợ tốt nhất và nhận các thông báo mới nhất! 🌐",
      "Server Discord chính thức có nhiều ưu đãi và thông tin hữu ích. Hãy liên hệ admin để nhận invite link nhé! 🎮",
      "Tham gia server để:\n• Nhận thông báo mới nhất\n• Tương tác với cộng đồng\n• Được hỗ trợ trực tiếp\n• Nhận các ưu đãi đặc biệt 🌟"
    ],
    "upload|fps.ms|file|lỗi upload": [
      "Khi gặp lỗi upload lên fps.ms, bạn có thể thử các cách sau:\n1. Kiểm tra kích thước file (tối đa 500MB)\n2. Đổi tên file (chỉ dùng chữ và số)\n3. Nén file trước khi upload\n4. Dùng link Google Drive thay thế 📁",
      "Để upload file thành công:\n• Đảm bảo file không quá 500MB\n• Tên file không có ký tự đặc biệt\n• Thử nén file (.zip hoặc .rar)\n• Hoặc dùng Google Drive/Mega để chia sẻ 🔄",
      "Tips để fix lỗi upload:\n1. Xóa ký tự đặc biệt trong tên file\n2. Nén file để giảm dung lượng\n3. Kiểm tra kết nối mạng\n4. Thử lại sau vài phút\nNếu vẫn lỗi, bạn có thể dùng Google Drive và gửi link 🛠️"
    ],
    "file lớn|chia sẻ|drive|mega": [
      "Với file lớn, bạn có thể dùng:\n1. Google Drive\n2. Mega.nz\n3. MediaFire\nSau đó gửi link chia sẻ cho admin nhé! 📤",
      "Các cách chia sẻ file thay thế:\n• Google Drive (15GB miễn phí)\n• Mega.nz (20GB miễn phí)\n• MediaFire (10GB miễn phí)\nChọn dịch vụ phù hợp và gửi link công khai nhé! 💾",
      "Tips chia sẻ file:\n1. Upload lên Google Drive\n2. Tạo link chia sẻ công khai\n3. Gửi link cho admin\n4. Đảm bảo không xóa file đến khi hoàn tất đơn 📋"
    ],
    "chào buổi sáng|good morning": [
      "Chào buổi sáng! Chúc bạn một ngày tốt lành 🌅",
      "Buổi sáng vui vẻ nhé! Hôm nay mình có thể giúp gì cho bạn? ☀️",
      "Chào bạn! Mong bạn có một ngày thật năng động 🌞"
    ],
    "chào buổi chiều|good afternoon": [
      "Chào buổi chiều! Bạn đã ăn trưa chưa? 🍜",
      "Chiều vui vẻ nhé! Mình có thể giúp gì cho bạn không? 🌤️",
      "Buổi chiều tốt lành! Cùng làm việc hiệu quả nào 💪"
    ],
    "chào buổi tối|good evening": [
      "Chào buổi tối! Hôm nay của bạn thế nào? 🌙",
      "Tối vui vẻ! Đừng thức khuya quá nhé 🌝",
      "Chào bạn! Đã ăn tối chưa? 🍚"
    ],
    "game là gì|war thunder": [
      "War Thunder là game mô phỏng chiến tranh với xe tăng, máy bay và tàu chiến. Game free-to-play trên Steam 🎮",
      "Đây là game online về các phương tiện quân sự từ Thế chiến II đến hiện đại. Bạn có thể chơi miễn phí trên Steam 🚀",
      "War Thunder là game bắn xe tăng, máy bay nhiều người chơi. Game khá hay và free nhé! ⭐"
    ],
    "tank|xe tăng": [
      "Trong War Thunder có rất nhiều xe tăng từ nhiều quốc gia khác nhau. Bạn có thể dùng SL để mở khóa chúng 🎯",
      "Xe tăng là phương tiện chính trong ground battle. Cần RP để nghiên cứu xe tăng mới 🚀",
      "Mỗi xe tăng có điểm mạnh riêng. Bạn cần SL để mua và nâng cấp chúng 🛡️"
    ],
    "giá sl|giá silver lions": [
      "Giá SL: 1 triệu SL = 100.000 VNĐ\nGiá có thể giảm khi mua số lượng lớn 💰",
      "Bảng giá SL:\n• 1M SL = 100k VNĐ\n• 5M SL = 450k VNĐ\n• 10M SL = 800k VNĐ\nDùng /tinhgia để xem chi tiết 📊",
      "Silver Lions có giá 100k/1M. Liên hệ để được giá tốt khi mua nhiều 🎯"
    ],
    "giá rp|giá research points": [
      "Giá RP:\n• Premium: 120k VNĐ/100k RP\n• Thường: 140k VNĐ/100k RP\nDùng /tinhgia RP để xem chi tiết 📈",
      "Research Points có 2 mức giá:\n1. Premium (120k/100k RP)\n2. Thường (140k/100k RP)\nChọn premium để tiết kiệm nhé! 💎",
      "RP dùng để nghiên cứu. Giá từ 120k-140k cho 100k RP tùy loại. Mua nhiều sẽ có ưu đãi 🔬"
    ],
    "đặt hàng|order": [
      "Quy trình đặt hàng:\n1. Dùng /donhang\n2. Điền form\n3. Chờ duyệt\n4. Thanh toán\n5. Nhận hàng\nRất đơn giản phải không? 📝",
      "Để đặt hàng:\n• Gõ lệnh /donhang\n• Điền thông tin\n• Đợi admin duyệt\n• Chuyển khoản\n• Đợi giao hàng ✅",
      "Các bước đặt hàng:\n1️⃣ /donhang\n2️⃣ Điền form\n3️⃣ Chờ duyệt\n4️⃣ Thanh toán\n5️⃣ Nhận hàng"
    ],
    "thời gian|giao hàng": [
      "Thời gian xử lý:\n• Duyệt đơn: 1-24h\n• Thực hiện: theo thỏa thuận\n• Giao hàng: ngay sau khi hoàn thành ⏱️",
      "Đơn hàng được xử lý nhanh nhất có thể. Thời gian cụ thể phụ thuộc vào loại đơn và số lượng 🕒",
      "Thông thường:\n• Duyệt trong 24h\n• Thực hiện 1-3 ngày\n• Có thể nhanh hơn nếu gấp ⚡"
    ],
    "hỗ trợ|support": [
      "Bạn cần hỗ trợ?\n• Chat với admin\n• Gọi điện trực tiếp\n• Discord support\nLuôn sẵn sàng giúp đỡ 24/7 🎧",
      "Đội ngũ hỗ trợ làm việc 24/7. Liên hệ ngay khi cần giúp đỡ nhé! 👨‍💻",
      "Các kênh hỗ trợ:\n• Chat Discord\n• Gọi điện\n• Inbox\nPhản hồi nhanh trong vòng 5 phút 📞"
    ],
    "bảo hành|đảm bảo": [
      "Chính sách bảo hành:\n• Hoàn tiền nếu không hài lòng\n• Hỗ trợ 24/7\n• Bảo mật thông tin\nYên tâm đặt hàng nhé! 🛡️",
      "Cam kết:\n✓ Hoàn thành đúng yêu cầu\n✓ Bảo mật tuyệt đối\n✓ Hoàn tiền nếu có vấn đề\n✓ Hỗ trợ tận tình ✅",
      "Dịch vụ được bảo hành:\n• Đúng yêu cầu\n• Bảo mật\n• Hoàn tiền\n• Hỗ trợ 24/7 🔒"
    ],
    "lỗi|vấn đề|sự cố": [
      "Khi gặp sự cố:\n1. Báo ngay cho admin\n2. Cung cấp mã đơn\n3. Mô tả vấn đề\n4. Được xử lý ngay 🛠️",
      "Quy trình xử lý sự cố:\n• Báo cáo vấn đề\n• Admin kiểm tra\n• Giải quyết nhanh\n• Đền bù nếu cần ⚡",
      "Nếu có vấn đề:\n1️⃣ Thông báo admin\n2️⃣ Cung cấp thông tin\n3️⃣ Chờ xử lý\n4️⃣ Được bồi thường nếu cần 🔧"
    ],
    "khiếu nại|complaint": [
      "Quy trình khiếu nại:\n1. Gửi thông tin\n2. Admin xác nhận\n3. Giải quyết\n4. Đền bù (nếu có)\nLuôn lắng nghe và hỗ trợ! 👥",
      "Khiếu nại được xử lý:\n• Tiếp nhận ngay\n• Ưu tiên cao nhất\n• Giải quyết nhanh\n• Đền bù hợp lý ⭐",
      "Khi cần khiếu nại:\n• Liên hệ admin\n• Giải thích vấn đề\n• Được xử lý ngay\n• Bồi thường nếu đúng 📢"
    ],
    "hướng dẫn|guide": [
      "Các lệnh thường dùng:\n• /donhang - Đặt đơn\n• /trangthai - Xem đơn\n• /tinhgia - Báo giá\n• /help - Trợ giúp\nDễ nhớ phải không? 📚",
      "Tips sử dụng bot:\n1. Đọc /help trước\n2. Kiểm tra giá\n3. Đặt đơn\n4. Theo dõi trạng thái\nRất đơn giản! 💡",
      "Hướng dẫn cơ bản:\n• Xem giá trước\n• Đặt đơn sau\n• Theo dõi tiến độ\n• Liên hệ nếu cần 📖"
    ],
    "mẹo|tip": [
      "Mẹo tiết kiệm:\n• Chọn gói Premium\n• Mua số lượng lớn\n• Theo dõi ưu đãi\n• Giới thiệu bạn bè 💰",
      "Tips hay:\n1. Dùng Premium RP\n2. Mua combo\n3. Săn khuyến mãi\n4. Tham gia events 🎯",
      "Các mẹo hữu ích:\n• Chọn thời điểm\n• So sánh giá\n• Tận dụng ưu đãi\n• Tích điểm thành viên ✨"
    ],
    "xe tăng tốt nhất|best tank": [
      "Mỗi tier và quốc gia có xe tăng tốt riêng. Phụ thuộc vào playstyle của bạn 🎯",
      "Không có xe tốt nhất, chỉ có xe phù hợp với cách chơi của bạn 🛡️",
      "Tùy vào mục đích: sniper, brawler, hay support. Mỗi loại có ưu điểm riêng 🎮"
    ],
    "máy bay tốt|best plane": [
      "Máy bay phụ thuộc vào chiến thuật: fighter, bomber, hay attacker 🛩️",
      "Mỗi loại máy bay có vai trò riêng trong không chiến ✈️",
      "Chọn máy bay phù hợp với phong cách chơi của bạn 🚀"
    ],
    "cách chơi|how to play": [
      "Tips chơi game:\n1. Học map\n2. Phối hợp team\n3. Nâng cấp kỹ năng\n4. Luyện tập thường xuyên 🎮",
      "Để chơi tốt:\n• Hiểu xe/máy bay của mình\n• Biết điểm yếu đối thủ\n• Làm việc nhóm tốt 🎯",
      "Chiến thuật cơ bản:\n1️⃣ Quan sát\n2️⃣ Di chuyển\n3️⃣ Ngắm bắn\n4️⃣ Phối hợp 🎪"
    ]
  }
}