{
  "interactions": [],
  "patterns": {
    "xin chào": [
      "Xin chào! Tôi có thể giúp gì cho bạn? 😊",
      "Chào bạn! Rất vui được gặp bạn 👋",
      "Xin chào! Chúc bạn một ngày tốt lành! ✨"
    ],
    "chào": [
      "Chào bạn! 👋",
      "Hey! Bạn khỏe không? 😊",
      "Chào! Mình có thể giúp gì cho bạn? 🌟"
    ],
    "hi|hello|hey": [
      "Hi there! 👋",
      "Hello! How are you? 😊",
      "Hey! Mình có thể giúp gì không? ✨"
    ],
    "cảm ơn|thank": [
      "Không có gì! Rất vui được giúp bạn 😊",
      "Không có chi! Bạn cần gì cứ nói nhé 👋",
      "Rất vui khi có thể giúp được bạn! ❤️"
    ],
    "tạm biệt|bye|bai": [
      "Tạm biệt bạn! Hẹn gặp lại 👋",
      "Bye bye! Chúc bạn một ngày tốt lành 😊",
      "Hẹn gặp lại bạn sau nhé! 👋"
    ],
    "giá|báo giá|bao nhiêu": [
      "Để xem giá, bạn có thể dùng lệnh `/tinhgia` với các thông số sau:\n• Hình thức: SL/RP/Event/Modul\n• Loại (nếu có)\n• Số lượng\n\nVí dụ: `/tinhgia SL 1000000` 💰",
      "Bạn có thể kiểm tra giá bằng lệnh `/tinhgia`.\nGiá sẽ phụ thuộc vào hình thức và số lượng bạn cần 📊",
      "Mình có thể giúp bạn tính giá. Hãy cho mình biết:\n1. Hình thức (SL/RP/Event/Modul)\n2. Số lượng\nHoặc dùng lệnh `/tinhgia` nhé! 💫"
    ],
    "đặt đơn|order|mua": [
      "Để đặt đơn, bạn dùng lệnh `/donhang` nhé! Mình sẽ mở form để bạn điền thông tin chi tiết 📝",
      "Bạn có thể đặt đơn bằng cách sử dụng lệnh `/donhang`. Sau đó điền các thông tin cần thiết vào form nhé! ✍️",
      "Dùng `/donhang` để bắt đầu đặt đơn. Mình sẽ hướng dẫn bạn các bước tiếp theo 🌟"
    ],
    "trạng thái|tình trạng|kiểm tra": [
      "Để xem trạng thái đơn, bạn dùng lệnh `/trangthai` kèm mã đơn nhé! 🔍",
      "Bạn có thể kiểm tra trạng thái đơn bằng lệnh `/trangthai` và mã đơn của bạn 📋",
      "Dùng `/trangthai` + mã đơn để xem tình trạng đơn hàng hiện tại nhé! 🔎"
    ],
    "bạn là ai|là gì|giới thiệu": [
      "Mình là Cave Store Bot, một trợ lý ảo giúp quản lý đơn hàng và hỗ trợ khách hàng. Rất vui được phục vụ bạn! 🤖",
      "Xin chào! Mình là bot hỗ trợ của Cave Store. Mình có thể giúp bạn đặt đơn, kiểm tra giá và nhiều thứ khác nữa! ✨",
      "Mình là AI assistant của Cave Store, được tạo ra để hỗ trợ bạn 24/7. Bạn cần giúp đỡ gì nào? 🌟"
    ],
    "help|giúp|hướng dẫn": [
      "Mình có thể giúp bạn với các việc sau:\n• `/donhang` - Đặt đơn mới\n• `/trangthai` - Kiểm tra đơn\n• `/tinhgia` - Xem báo giá\n• `/help` - Xem hướng dẫn đầy đủ\nBạn cần mình giúp gì nào? 📚",
      "Để xem hướng dẫn đầy đủ, bạn dùng lệnh `/help` nhé! Mình sẽ hiển thị danh sách các lệnh và cách sử dụng 📖",
      "Bạn có thể xem danh sách lệnh và hướng dẫn bằng `/help`. Hoặc cứ chat với mình, mình sẽ cố gắng giúp bạn! 💫"
    ],
    "lỗi|sai|vấn đề|khiếu nại": [
      "Rất tiếc về vấn đề bạn gặp phải 😔 Bạn có thể liên hệ admin để được hỗ trợ trực tiếp nhé!",
      "Mình xin lỗi vì sự bất tiện này 😥 Để được hỗ trợ tốt nhất, bạn hãy liên hệ admin hoặc mod nhé!",
      "Cảm ơn bạn đã phản hồi! Mình sẽ chuyển thông tin này đến admin để được hỗ trợ sớm nhất 🔔"
    ],
    "thời hạn|bao lâu|khi nào": [
      "Thời gian xử lý sẽ phụ thuộc vào loại đơn và số lượng. Bạn có thể xem deadline cụ thể trong `/trangthai` của đơn hàng ⏰",
      "Mỗi đơn sẽ có thời hạn riêng, được thông báo sau khi đơn được duyệt. Bạn có thể theo dõi qua lệnh `/trangthai` 📅",
      "Thời gian hoàn thành sẽ được cập nhật khi đơn được xác nhận. Bạn sẽ nhận được thông báo về deadline cụ thể 🕒"
    ],
    "haha|hihi|=))|😄|😂|🤣": [
      "Vui quá ha! 😄",
      "Hehe, vui thật! 😊",
      "Cười lây với bạn nè 😆"
    ],
    "buồn|huhu|sad|:(": [
      "Đừng buồn nha bạn ơi! Mọi chuyện rồi sẽ ổn thôi 🌟",
      "Buồn gì vậy bạn? Kể mình nghe được không? 🤗",
      "Mình ở đây lắng nghe bạn nè! Cần người tâm sự không? 💕"
    ],
    "thanh toán|payment|chuyển khoản": [
      "Để thanh toán, bạn có thể chuyển khoản vào tài khoản sau khi đơn được duyệt. Admin sẽ gửi thông tin chi tiết cho bạn 💳",
      "Thông tin thanh toán sẽ được gửi sau khi đơn được xác nhận. Bạn sẽ nhận được hướng dẫn cụ thể qua DM 🏦",
      "Vui lòng chờ admin duyệt đơn và gửi thông tin thanh toán nhé! Mọi giao dịch đều được bảo đảm an toàn 🔒"
    ],
    "sl là gì|silver lions": [
      "SL (Silver Lions) là đơn vị tiền tệ trong game. Tỷ lệ quy đổi là 1 triệu SL = 100.000 VNĐ 💰",
      "Silver Lions (SL) dùng để mua xe, nâng cấp trong game. Giá: 1M SL = 100k VNĐ 🦁",
      "SL là Silver Lions - tiền trong game. Bạn có thể dùng /tinhgia SL [số lượng] để xem giá cụ thể 📊"
    ],
    "rp là gì|research points": [
      "RP (Research Points) dùng để nghiên cứu xe mới. Giá premium: 100k RP = 120k VNĐ, thường: 100k RP = 140k VNĐ 🔬",
      "Research Points (RP) là điểm nghiên cứu, dùng để mở khóa xe mới. Dùng /tinhgia RP [số lượng] để xem giá 📈",
      "RP dùng để nghiên cứu. Có 2 loại:\n• Premium: 120k VNĐ/100k RP\n• Thường: 140k VNĐ/100k RP\nDùng /tinhgia để xem chi tiết 🎯"
    ],
    "premium|ưu đãi": [
      "Premium RP sẽ có giá tốt hơn (120k/100k RP) so với thường (140k/100k RP). Bạn có thể dùng /tinhgia để so sánh 💎",
      "Khi đặt đơn RP, bạn có thể chọn Premium để được giá ưu đãi hơn. Dùng /tinhgia RP [số lượng] premium yes để xem chi tiết ⭐",
      "Premium là gói ưu đãi cho RP với giá tốt hơn 20k/100k RP. Liên hệ admin để biết thêm chi tiết về các ưu đãi khác 🌟"
    ],
    "nhanh|gấp|urgent": [
      "Đơn hàng sẽ được xử lý theo thứ tự. Nếu gấp, hãy ghi chú trong đơn để được ưu tiên xử lý sớm ⚡",
      "Thông thường đơn được xử lý trong 24h. Nếu cần gấp, vui lòng thêm ghi chú khi đặt đơn nhé! 🏃",
      "Để được xử lý nhanh hơn, bạn có thể:\n1. Thêm ghi chú 'urgent' trong đơn\n2. Liên hệ admin trực tiếp\n3. Đảm bảo thanh toán nhanh chóng ⚡"
    ],
    "bảo hành|đảm bảo|an toàn": [
      "Mọi đơn hàng đều được bảo đảm hoàn thành đúng yêu cầu. Nếu có vấn đề, bạn sẽ được hỗ trợ ngay lập tức 🛡️",
      "Chúng mình cam kết:\n• Hoàn thành đúng yêu cầu\n• Bảo mật thông tin\n• Hỗ trợ 24/7\n• Hoàn tiền nếu không hài lòng ✅",
      "An toàn là ưu tiên hàng đầu. Mọi giao dịch đều được bảo đảm và có admin hỗ trợ trực tiếp 🔒"
    ],
    "hủy đơn|cancel|hoàn tiền": [
      "Để hủy đơn, bạn có thể:\n1. Dùng lệnh /huydon + mã đơn (nếu chưa duyệt)\n2. Liên hệ admin (nếu đã duyệt)\nHoàn tiền trong vòng 24h 💯",
      "Bạn có thể hủy đơn chưa duyệt bằng /huydon. Nếu đã duyệt, hãy liên hệ admin để được hỗ trợ ↩️",
      "Quy trình hủy đơn và hoàn tiền:\n1. Gửi yêu cầu hủy\n2. Xác nhận với admin\n3. Nhận lại tiền trong 24h\nDùng /huydon hoặc liên hệ admin nhé! 🔄"
    ],
    "server|discord|invite": [
      "Bạn có thể tham gia server chính của Cave Store để được hỗ trợ tốt nhất và nhận các thông báo mới nhất! 🌐",
      "Server Discord chính thức có nhiều ưu đãi và thông tin hữu ích. Hãy liên hệ admin để nhận invite link nhé! 🎮",
      "Tham gia server để:\n• Nhận thông báo mới nhất\n• Tương tác với cộng đồng\n• Được hỗ trợ trực tiếp\n• Nhận các ưu đãi đặc biệt 🌟"
    ],
    "upload|fps.ms|file|lỗi upload": [
      "Khi gặp lỗi upload lên fps.ms, bạn có thể thử các cách sau:\n1. Kiểm tra kích thước file (tối đa 500MB)\n2. Đổi tên file (chỉ dùng chữ và số)\n3. Nén file trước khi upload\n4. Dùng link Google Drive thay thế 📁",
      "Để upload file thành công:\n• Đảm bảo file không quá 500MB\n• Tên file không có ký tự đặc biệt\n• Thử nén file (.zip hoặc .rar)\n• Hoặc dùng Google Drive/Mega để chia sẻ 🔄",
      "Tips để fix lỗi upload:\n1. Xóa ký tự đặc biệt trong tên file\n2. Nén file để giảm dung lượng\n3. Kiểm tra kết nối mạng\n4. Thử lại sau vài phút\nNếu vẫn lỗi, bạn có thể dùng Google Drive và gửi link 🛠️"
    ],
    "file lớn|chia sẻ|drive|mega": [
      "Với file lớn, bạn có thể dùng:\n1. Google Drive\n2. Mega.nz\n3. MediaFire\nSau đó gửi link chia sẻ cho admin nhé! 📤",
      "Các cách chia sẻ file thay thế:\n• Google Drive (15GB miễn phí)\n• Mega.nz (20GB miễn phí)\n• MediaFire (10GB miễn phí)\nChọn dịch vụ phù hợp và gửi link công khai nhé! 💾",
      "Tips chia sẻ file:\n1. Upload lên Google Drive\n2. Tạo link chia sẻ công khai\n3. Gửi link cho admin\n4. Đảm bảo không xóa file đến khi hoàn tất đơn 📋"
    ]
  }
}