{
    "00001": {
        "user": "huygame2341#0",
        "user_id": 839478768376086528,
        "hinh_thuc": ".",
        "loai": ".",
        "so_luong": ".",
        "ghi_chu": ".",
        "trang_thai": "✅ Đã hoàn thành",
        "nguoi_nhan": "huygame2341#0",
        "da_nhac_het_gio": false,
        "qua_han": false
    },
    "00002": {
        "user": "huygame2341#0",
        "user_id": 839478768376086528,
        "hinh_thuc": "SL",
        "loai": "Tank",
        "so_luong": ".",
        "ghi_chu": "Hoabell",
        "trang_thai": "🚀 Đang xử lý",
        "nguoi_nhan": "lyminh_hoa#0",
        "da_nhac_het_gio": false,
        "qua_han": false
    },
    "00003": {
        "user": "huygame2341#0",
        "user_id": 839478768376086528,
        "hinh_thuc": "test",
        "loai": "test",
        "so_luong": "",
        "ghi_chu": "",
        "trang_thai": "✅ Đã hoàn thành",
        "nguoi_nhan": "huygame2341#0",
        "da_nhac_het_gio": false,
        "qua_han": false
    },
    "00004": {
        "user": "lyminh_hoa#0",
        "user_id": 465408213219541003,
        "hinh_thuc": "Sex",
        "loai": "Vladimir Trump",
        "so_luong": "1 tỷ campuchia",
        "ghi_chu": "Ko co tien",
        "trang_thai": "⏳ Chờ duyệt",
        "nguoi_nhan": null,
        "da_nhac_het_gio": false,
        "qua_han": false
    },
    "00005": {
        "user": "huygame2341#0",
        "user_id": 839478768376086528,
        "hinh_thuc": "SL",
        "loai": "Tank",
        "so_luong": "1m",
        "ghi_chu": "testing",
        "trang_thai": "✅ Đã duyệt",
        "nguoi_nhan": null,
        "da_nhac_het_gio": false,
        "qua_han": false
    },
    "1585a7cf": {
        "user": "huygame2341#0",
        "user_id": 839478768376086528,
        "hinh_thuc": "test",
        "loai": "",
        "so_luong": "",
        "ghi_chu": "",
        "trang_thai": "✅ Đã duyệt",
        "nguoi_nhan": null,
        "nguoi_nhan_id": null,
        "thoi_han": null,
        "thoi_gian": "2025-08-06 05:25:14 UTC",
        "da_nhac_het_gio": false,
        "qua_han": false
    },
    "1677e8a1": {
        "user": "huygame2341#0",
        "user_id": 839478768376086528,
        "hinh_thuc": "test",
        "loai": "",
        "so_luong": "",
        "ghi_chu": "",
        "trang_thai": "✅ Đã duyệt",
        "nguoi_nhan": null,
        "nguoi_nhan_id": null,
        "thoi_han": null,
        "thoi_gian": "2025-08-07 04:12:19 UTC",
        "da_nhac_het_gio": false,
        "qua_han": false
    },
    "d10b3b8f": {
        "user": "huygame2341#0",
        "user_id": 839478768376086528,
        "hinh_thuc": "testing",
        "loai": "",
        "so_luong": "",
        "ghi_chu": "",
        "trang_thai": "✅ Đã hoàn thành",
        "nguoi_nhan": "huygame2341#0",
        "nguoi_nhan_id": 839478768376086528,
        "thoi_han": "2025-08-07 15:13:26 UTC",
        "thoi_gian": "2025-08-07 05:02:09 UTC",
        "da_nhac_het_gio": false,
        "qua_han": true
    },
    "692aef45": {
        "user": "angzoakembay#0",
        "user_id": 607106808670191616,
        "hinh_thuc": "rp",
        "loai": "tank",
        "so_luong": "1tr",
        "ghi_chu": "",
        "trang_thai": "✅ Đã duyệt",
        "nguoi_nhan": null,
        "nguoi_nhan_id": null,
        "thoi_han": null,
        "thoi_gian": "2025-08-07 05:43:22 UTC",
        "da_nhac_het_gio": false,
        "qua_han": false
    },
    "93df7250": {
        "user": "huygame2341#0",
        "user_id": 839478768376086528,
        "hinh_thuc": "SL",
        "loai": "",
        "so_luong": "",
        "ghi_chu": "",
        "trang_thai": "✅ Đã hoàn thành",
        "nguoi_nhan": "huygame2341#0",
        "nguoi_nhan_id": 839478768376086528,
        "thoi_han": "2025-08-08 07:06:55 UTC",
        "thoi_gian": "2025-08-07 07:06:04 UTC",
        "da_nhac_het_gio": false,
        "qua_han": true
    },
    "1b697cbe": {
        "user": "huygame2341#0",
        "user_id": 839478768376086528,
        "hinh_thuc": "Testgiaidoan2",
        "loai": "",
        "so_luong": "",
        "ghi_chu": "",
        "trang_thai": "⏳ Chờ duyệt",
        "nguoi_nhan": null,
        "nguoi_nhan_id": null,
        "thoi_han": null,
        "thoi_gian": "2025-08-07 09:49:28 UTC",
        "da_nhac_het_gio": false,
        "qua_han": false
    },
    "a393b598": {
        "user": "huygame2341#0",
        "user_id": 839478768376086528,
        "customer_info": {
            "username": "huygame2341#0",
            "id": 839478768376086528,
            "created_at": "2021-05-05 12:28:55 UTC",
            "avatar_url": "https://cdn.discordapp.com/avatars/839478768376086528/ce31b70a0fd66fe8cfc5b30046bb0d3e.png?size=1024",
            "roles": [],
            "is_bot": false,
            "server": "Direct Message",
            "server_id": null
        },
        "hinh_thuc": "test",
        "loai": "",
        "so_luong": "",
        "ghi_chu": "",
        "trang_thai": "✅ Đã hoàn thành",
        "nguoi_nhan": "huygame2341#0",
        "nguoi_nhan_id": 839478768376086528,
        "thoi_han": "2025-08-08 17:27:03 UTC",
        "thoi_gian": "2025-08-07 21:24:38 UTC",
        "thoi_gian_local": "08/08/2025 04:24:38 (+07)",
        "server_order": "Direct Message",
        "server_id": null,
        "da_nhac_het_gio": false,
        "qua_han": true
    }
}